{"cameraMode":{"drawMode":0,"name":"Shaded","section":"Shading Mode"},"sceneLighting":true,"audioPlay":false,"sceneViewState":{"m_AlwaysRefresh":false,"showFog":true,"showSkybox":true,"showFlares":true,"showImageEffects":true,"showParticleSystems":true,"showVisualEffectGraphs":true,"m_FxEnabled":true},"in2DMode":false,"pivot":{"x":0.21742558479309083,"y":6.612184524536133,"z":0.35782742500305178},"rotation":{"x":0.034017108380794528,"y":0.9172670841217041,"z":-0.08029238134622574,"w":0.38868042826652529},"size":4.580346584320068,"orthographic":false}